x_mm,y_mm,response_mV
-5.0,-5.0,50.000
-4.5,-5.0,45.250
-4.0,-5.0,41.000
-3.5,-5.0,37.250
-3.0,-5.0,34.000
-2.5,-5.0,31.250
-2.0,-5.0,29.000
-1.5,-5.0,27.250
-1.0,-5.0,26.000
-0.5,-5.0,25.250
0.0,-5.0,25.000
0.5,-5.0,25.250
1.0,-5.0,26.000
1.5,-5.0,27.250
2.0,-5.0,29.000
2.5,-5.0,31.250
3.0,-5.0,34.000
3.5,-5.0,37.250
4.0,-5.0,41.000
4.5,-5.0,45.250
5.0,-5.0,50.000
-5.0,-4.5,45.250
-4.5,-4.5,40.500
-4.0,-4.5,36.250
-3.5,-4.5,32.500
-3.0,-4.5,29.250
-2.5,-4.5,26.500
-2.0,-4.5,24.250
-1.5,-4.5,22.500
-1.0,-4.5,21.250
-0.5,-4.5,20.500
0.0,-4.5,20.250
0.5,-4.5,20.500
1.0,-4.5,21.250
1.5,-4.5,22.500
2.0,-4.5,24.250
2.5,-4.5,26.500
3.0,-4.5,29.250
3.5,-4.5,32.500
4.0,-4.5,36.250
4.5,-4.5,40.500
5.0,-4.5,45.250
-5.0,-4.0,41.000
-4.5,-4.0,36.250
-4.0,-4.0,32.000
-3.5,-4.0,28.250
-3.0,-4.0,25.000
-2.5,-4.0,22.250
-2.0,-4.0,20.000
-1.5,-4.0,18.250
-1.0,-4.0,17.000
-0.5,-4.0,16.250
0.0,-4.0,16.000
0.5,-4.0,16.250
1.0,-4.0,17.000
1.5,-4.0,18.250
2.0,-4.0,20.000
2.5,-4.0,22.250
3.0,-4.0,25.000
3.5,-4.0,28.250
4.0,-4.0,32.000
4.5,-4.0,36.250
5.0,-4.0,41.000
-5.0,-3.5,37.250
-4.5,-3.5,32.500
-4.0,-3.5,28.250
-3.5,-3.5,24.500
-3.0,-3.5,21.250
-2.5,-3.5,18.500
-2.0,-3.5,16.250
-1.5,-3.5,14.500
-1.0,-3.5,13.250
-0.5,-3.5,12.500
0.0,-3.5,12.250
0.5,-3.5,12.500
1.0,-3.5,13.250
1.5,-3.5,14.500
2.0,-3.5,16.250
2.5,-3.5,18.500
3.0,-3.5,21.250
3.5,-3.5,24.500
4.0,-3.5,28.250
4.5,-3.5,32.500
5.0,-3.5,37.250
-5.0,-3.0,34.000
-4.5,-3.0,29.250
-4.0,-3.0,25.000
-3.5,-3.0,21.250
-3.0,-3.0,18.000
-2.5,-3.0,15.250
-2.0,-3.0,13.000
-1.5,-3.0,11.250
-1.0,-3.0,10.000
-0.5,-3.0,9.250
0.0,-3.0,9.000
0.5,-3.0,9.250
1.0,-3.0,10.000
1.5,-3.0,11.250
2.0,-3.0,13.000
2.5,-3.0,15.250
3.0,-3.0,18.000
3.5,-3.0,21.250
4.0,-3.0,25.000
4.5,-3.0,29.250
5.0,-3.0,34.000
-5.0,-2.5,31.250
-4.5,-2.5,26.500
-4.0,-2.5,22.250
-3.5,-2.5,18.500
-3.0,-2.5,15.250
-2.5,-2.5,12.500
-2.0,-2.5,10.250
-1.5,-2.5,8.500
-1.0,-2.5,7.250
-0.5,-2.5,6.500
0.0,-2.5,6.250
0.5,-2.5,6.500
1.0,-2.5,7.250
1.5,-2.5,8.500
2.0,-2.5,10.250
2.5,-2.5,12.500
3.0,-2.5,15.250
3.5,-2.5,18.500
4.0,-2.5,22.250
4.5,-2.5,26.500
5.0,-2.5,31.250
-5.0,-2.0,29.000
-4.5,-2.0,24.250
-4.0,-2.0,20.000
-3.5,-2.0,16.250
-3.0,-2.0,13.000
-2.5,-2.0,10.250
-2.0,-2.0,8.000
-1.5,-2.0,6.250
-1.0,-2.0,5.000
-0.5,-2.0,4.250
0.0,-2.0,4.000
0.5,-2.0,4.250
1.0,-2.0,5.000
1.5,-2.0,6.250
2.0,-2.0,8.000
2.5,-2.0,10.250
3.0,-2.0,13.000
3.5,-2.0,16.250
4.0,-2.0,20.000
4.5,-2.0,24.250
5.0,-2.0,29.000
-5.0,-1.5,27.250
-4.5,-1.5,22.500
-4.0,-1.5,18.250
-3.5,-1.5,14.500
-3.0,-1.5,11.250
-2.5,-1.5,8.500
-2.0,-1.5,6.250
-1.5,-1.5,4.500
-1.0,-1.5,3.250
-0.5,-1.5,2.500
0.0,-1.5,2.250
0.5,-1.5,2.500
1.0,-1.5,3.250
1.5,-1.5,4.500
2.0,-1.5,6.250
2.5,-1.5,8.500
3.0,-1.5,11.250
3.5,-1.5,14.500
4.0,-1.5,18.250
4.5,-1.5,22.500
5.0,-1.5,27.250
-5.0,-1.0,26.000
-4.5,-1.0,21.250
-4.0,-1.0,17.000
-3.5,-1.0,13.250
-3.0,-1.0,10.000
-2.5,-1.0,7.250
-2.0,-1.0,5.000
-1.5,-1.0,3.250
-1.0,-1.0,2.000
-0.5,-1.0,1.250
0.0,-1.0,1.000
0.5,-1.0,1.250
1.0,-1.0,2.000
1.5,-1.0,3.250
2.0,-1.0,5.000
2.5,-1.0,7.250
3.0,-1.0,10.000
3.5,-1.0,13.250
4.0,-1.0,17.000
4.5,-1.0,21.250
5.0,-1.0,26.000
-5.0,-0.5,25.250
-4.5,-0.5,20.500
-4.0,-0.5,16.250
-3.5,-0.5,12.500
-3.0,-0.5,9.250
-2.5,-0.5,6.500
-2.0,-0.5,4.250
-1.5,-0.5,2.500
-1.0,-0.5,1.250
-0.5,-0.5,0.500
0.0,-0.5,0.250
0.5,-0.5,0.500
1.0,-0.5,1.250
1.5,-0.5,2.500
2.0,-0.5,4.250
2.5,-0.5,6.500
3.0,-0.5,9.250
3.5,-0.5,12.500
4.0,-0.5,16.250
4.5,-0.5,20.500
5.0,-0.5,25.250
-5.0,0.0,25.000
-4.5,0.0,20.250
-4.0,0.0,16.000
-3.5,0.0,12.250
-3.0,0.0,9.000
-2.5,0.0,6.250
-2.0,0.0,4.000
-1.5,0.0,2.250
-1.0,0.0,1.000
-0.5,0.0,0.250
0.0,0.0,0.000
0.5,0.0,0.250
1.0,0.0,1.000
1.5,0.0,2.250
2.0,0.0,4.000
2.5,0.0,6.250
3.0,0.0,9.000
3.5,0.0,12.250
4.0,0.0,16.000
4.5,0.0,20.250
5.0,0.0,25.000
-5.0,0.5,25.250
-4.5,0.5,20.500
-4.0,0.5,16.250
-3.5,0.5,12.500
-3.0,0.5,9.250
-2.5,0.5,6.500
-2.0,0.5,4.250
-1.5,0.5,2.500
-1.0,0.5,1.250
-0.5,0.5,0.500
0.0,0.5,0.250
0.5,0.5,0.500
1.0,0.5,1.250
1.5,0.5,2.500
2.0,0.5,4.250
2.5,0.5,6.500
3.0,0.5,9.250
3.5,0.5,12.500
4.0,0.5,16.250
4.5,0.5,20.500
5.0,0.5,25.250
-5.0,1.0,26.000
-4.5,1.0,21.250
-4.0,1.0,17.000
-3.5,1.0,13.250
-3.0,1.0,10.000
-2.5,1.0,7.250
-2.0,1.0,5.000
-1.5,1.0,3.250
-1.0,1.0,2.000
-0.5,1.0,1.250
0.0,1.0,1.000
0.5,1.0,1.250
1.0,1.0,2.000
1.5,1.0,3.250
2.0,1.0,5.000
2.5,1.0,7.250
3.0,1.0,10.000
3.5,1.0,13.250
4.0,1.0,17.000
4.5,1.0,21.250
5.0,1.0,26.000
-5.0,1.5,27.250
-4.5,1.5,22.500
-4.0,1.5,18.250
-3.5,1.5,14.500
-3.0,1.5,11.250
-2.5,1.5,8.500
-2.0,1.5,6.250
-1.5,1.5,4.500
-1.0,1.5,3.250
-0.5,1.5,2.500
0.0,1.5,2.250
0.5,1.5,2.500
1.0,1.5,3.250
1.5,1.5,4.500
2.0,1.5,6.250
2.5,1.5,8.500
3.0,1.5,11.250
3.5,1.5,14.500
4.0,1.5,18.250
4.5,1.5,22.500
5.0,1.5,27.250
-5.0,2.0,29.000
-4.5,2.0,24.250
-4.0,2.0,20.000
-3.5,2.0,16.250
-3.0,2.0,13.000
-2.5,2.0,10.250
-2.0,2.0,8.000
-1.5,2.0,6.250
-1.0,2.0,5.000
-0.5,2.0,4.250
0.0,2.0,4.000
0.5,2.0,4.250
1.0,2.0,5.000
1.5,2.0,6.250
2.0,2.0,8.000
2.5,2.0,10.250
3.0,2.0,13.000
3.5,2.0,16.250
4.0,2.0,20.000
4.5,2.0,24.250
5.0,2.0,29.000
-5.0,2.5,31.250
-4.5,2.5,26.500
-4.0,2.5,22.250
-3.5,2.5,18.500
-3.0,2.5,15.250
-2.5,2.5,12.500
-2.0,2.5,10.250
-1.5,2.5,8.500
-1.0,2.5,7.250
-0.5,2.5,6.500
0.0,2.5,6.250
0.5,2.5,6.500
1.0,2.5,7.250
1.5,2.5,8.500
2.0,2.5,10.250
2.5,2.5,12.500
3.0,2.5,15.250
3.5,2.5,18.500
4.0,2.5,22.250
4.5,2.5,26.500
5.0,2.5,31.250
-5.0,3.0,34.000
-4.5,3.0,29.250
-4.0,3.0,25.000
-3.5,3.0,21.250
-3.0,3.0,18.000
-2.5,3.0,15.250
-2.0,3.0,13.000
-1.5,3.0,11.250
-1.0,3.0,10.000
-0.5,3.0,9.250
0.0,3.0,9.000
0.5,3.0,9.250
1.0,3.0,10.000
1.5,3.0,11.250
2.0,3.0,13.000
2.5,3.0,15.250
3.0,3.0,18.000
3.5,3.0,21.250
4.0,3.0,25.000
4.5,3.0,29.250
5.0,3.0,34.000
-5.0,3.5,37.250
-4.5,3.5,32.500
-4.0,3.5,28.250
-3.5,3.5,24.500
-3.0,3.5,21.250
-2.5,3.5,18.500
-2.0,3.5,16.250
-1.5,3.5,14.500
-1.0,3.5,13.250
-0.5,3.5,12.500
0.0,3.5,12.250
0.5,3.5,12.500
1.0,3.5,13.250
1.5,3.5,14.500
2.0,3.5,16.250
2.5,3.5,18.500
3.0,3.5,21.250
3.5,3.5,24.500
4.0,3.5,28.250
4.5,3.5,32.500
5.0,3.5,37.250
-5.0,4.0,41.000
-4.5,4.0,36.250
-4.0,4.0,32.000
-3.5,4.0,28.250
-3.0,4.0,25.000
-2.5,4.0,22.250
-2.0,4.0,20.000
-1.5,4.0,18.250
-1.0,4.0,17.000
-0.5,4.0,16.250
0.0,4.0,16.000
0.5,4.0,16.250
1.0,4.0,17.000
1.5,4.0,18.250
2.0,4.0,20.000
2.5,4.0,22.250
3.0,4.0,25.000
3.5,4.0,28.250
4.0,4.0,32.000
4.5,4.0,36.250
5.0,4.0,41.000
-5.0,4.5,45.250
-4.5,4.5,40.500
-4.0,4.5,36.250
-3.5,4.5,32.500
-3.0,4.5,29.250
-2.5,4.5,26.500
-2.0,4.5,24.250
-1.5,4.5,22.500
-1.0,4.5,21.250
-0.5,4.5,20.500
0.0,4.5,20.250
0.5,4.5,20.500
1.0,4.5,21.250
1.5,4.5,22.500
2.0,4.5,24.250
2.5,4.5,26.500
3.0,4.5,29.250
3.5,4.5,32.500
4.0,4.5,36.250
4.5,4.5,40.500
5.0,4.5,45.250
-5.0,5.0,50.000
-4.5,5.0,45.250
-4.0,5.0,41.000
-3.5,5.0,37.250
-3.0,5.0,34.000
-2.5,5.0,31.250
-2.0,5.0,29.000
-1.5,5.0,27.250
-1.0,5.0,26.000
-0.5,5.0,25.250
0.0,5.0,25.000
0.5,5.0,25.250
1.0,5.0,26.000
1.5,5.0,27.250
2.0,5.0,29.000
2.5,5.0,31.250
3.0,5.0,34.000
3.5,5.0,37.250
4.0,5.0,41.000
4.5,5.0,45.250
5.0,5.0,50.000
